<?xml version="1.0" encoding="UTF-8"?><rss version="2.0"
	xmlns:content="http://purl.org/rss/1.0/modules/content/"
	xmlns:wfw="http://wellformedweb.org/CommentAPI/"
	xmlns:dc="http://purl.org/dc/elements/1.1/"
	xmlns:atom="http://www.w3.org/2005/Atom"
	xmlns:sy="http://purl.org/rss/1.0/modules/syndication/"
	xmlns:slash="http://purl.org/rss/1.0/modules/slash/"
	>

<channel>
	<title>Lawn &#8211; Mahaveer</title>
	<atom:link href="https://mahaveer1335.github.io/RealEstate/property-feature/lawn/feed/" rel="self" type="application/rss+xml" />
	<link>https://mahaveer1335.github.io/RealEstate</link>
	<description>Developer : Mahaveer</description>
	<lastBuildDate>Tue, 22 Jun 2021 04:14:57 +0000</lastBuildDate>
	<language>en-US</language>
	<sy:updatePeriod>
	hourly	</sy:updatePeriod>
	<sy:updateFrequency>
	1	</sy:updateFrequency>
	<generator>https://wordpress.org/?v=5.7.2</generator>

<image>
	<url>https://mahaveer1335.github.io/RealEstate/wp-content/uploads/2021/06/cropped-oie_4jA2D8vlMvRV-32x32.png</url>
	<title>Lawn &#8211; Mahaveer</title>
	<link>https://mahaveer1335.github.io/RealEstate</link>
	<width>32</width>
	<height>32</height>
</image> 
	<item>
		<title>Home in Mehsana</title>
		<link>https://mahaveer1335.github.io/RealEstate/property/home-in-merrick-way/</link>
					<comments>https://mahaveer1335.github.io/RealEstate/property/home-in-merrick-way/#comments</comments>
		
		<dc:creator><![CDATA[Mahaveer]]></dc:creator>
		<pubDate>Mon, 15 Jun 2020 13:25:03 +0000</pubDate>
				<guid isPermaLink="false">http://inspirythemesdemo.com/realplaces/?post_type=property&#038;p=45</guid>

					<description><![CDATA[Enchanting three bedroom, three bath home with spacious one bedroom, one bath cabana, in-laws quarters. Charming living area features fireplace and fabulous art deco details. Formal dining room. Remodeled kitchen with granite countertops, white cabinetry and stainless appliances. Lovely master bedroom has updated bath, beautiful view of the pool. Guest bedrooms have walk-in, cedar closets....]]></description>
										<content:encoded><![CDATA[
<p>Enchanting three bedroom, three bath home with spacious one bedroom, one bath cabana, in-laws quarters. Charming living area features fireplace and fabulous art deco details. Formal dining room. Remodeled kitchen with granite countertops, white cabinetry and stainless appliances. Lovely master bedroom has updated bath, beautiful view of the pool. Guest bedrooms have walk-in, cedar closets. Delightful backyard; majestic oaks surround the free form pool and expansive patio, wet bar and grill.</p>
]]></content:encoded>
					
					<wfw:commentRss>https://mahaveer1335.github.io/RealEstate/property/home-in-merrick-way/feed/</wfw:commentRss>
			<slash:comments>1</slash:comments>
		
		
		<meta><REAL_HOMES_property_id>RH-2015-06</REAL_HOMES_property_id>
<REAL_HOMES_property_price>540000</REAL_HOMES_property_price>
<REAL_HOMES_property_size>4300</REAL_HOMES_property_size>
<REAL_HOMES_property_bedrooms>3</REAL_HOMES_property_bedrooms>
<REAL_HOMES_property_bathrooms>3</REAL_HOMES_property_bathrooms>
<REAL_HOMES_property_garage>2</REAL_HOMES_property_garage>
<REAL_HOMES_property_year_built>2018</REAL_HOMES_property_year_built>
<REAL_HOMES_property_location>25.7498063761,-80.2544859052,13</REAL_HOMES_property_location>
<REAL_HOMES_property_address>Merrick Way, Miami, FL 33134, USA</REAL_HOMES_property_address>
</meta><locations><location>Miami</location>
</locations><statuses><status>For Sale</status>
</statuses><types><type>Single Family</type>
</types><features><feature>2 Stories</feature>
<feature>Home Theater</feature>
<feature>Lawn</feature>
<feature>Marble Floors</feature>
</features>	</item>
		<item>
		<title>Villa in Coral Gables</title>
		<link>https://mahaveer1335.github.io/RealEstate/property/villa-in-coral-gables/</link>
		
		<dc:creator><![CDATA[Mahaveer]]></dc:creator>
		<pubDate>Sun, 14 Jun 2020 11:49:44 +0000</pubDate>
				<guid isPermaLink="false">http://inspirythemesdemo.com/realplaces/?post_type=property&#038;p=101</guid>

					<description><![CDATA[Enjoy serenity of Deering Bay whole day from this spectacular North and South, three bedroom, three and a half bath Milano unit with 10ft ceilings which provide light and airy views of the golf course and pool. Oversized open balconies provide luxurious entertainment spaces. Spacious flow-through floor plan with lavish master bedroom suite with his...]]></description>
										<content:encoded><![CDATA[
<p>Enjoy serenity of Deering Bay whole day from this spectacular North and South, three bedroom, three and a half bath Milano unit with 10ft ceilings which provide light and airy views of the golf course and pool. Oversized open balconies provide luxurious entertainment spaces. Spacious flow-through floor plan with lavish master bedroom suite with his and her walk-in closets, gourmet cook&#8217;s kitchen with granite counters and top of the line Thermador and Sub Zero appliances.</p>
]]></content:encoded>
					
		
		
		<meta><REAL_HOMES_property_id>RH-2017-12</REAL_HOMES_property_id>
<REAL_HOMES_property_price>825000</REAL_HOMES_property_price>
<REAL_HOMES_property_size>3500</REAL_HOMES_property_size>
<REAL_HOMES_property_bedrooms>3</REAL_HOMES_property_bedrooms>
<REAL_HOMES_property_bathrooms>3.5</REAL_HOMES_property_bathrooms>
<REAL_HOMES_property_garage>2</REAL_HOMES_property_garage>
<REAL_HOMES_property_year_built>2019</REAL_HOMES_property_year_built>
<REAL_HOMES_property_location>25.637835760899,-80.300602037109,16</REAL_HOMES_property_location>
<REAL_HOMES_property_address>13621 Deering Bay Drive, Coral Gables, FL 33158, USA</REAL_HOMES_property_address>
</meta><locations><location>Miami</location>
</locations><statuses><status>For Sale</status>
</statuses><types><type>Villa</type>
</types><features><feature>2 Stories</feature>
<feature>Bike Path</feature>
<feature>Central Cooling</feature>
<feature>Jog Path</feature>
<feature>Lawn</feature>
<feature>Swimming Pool</feature>
</features>	</item>
		<item>
		<title>Villa on Mansa</title>
		<link>https://mahaveer1335.github.io/RealEstate/property/villa-on-hollywood-boulevard/</link>
		
		<dc:creator><![CDATA[Mahaveer]]></dc:creator>
		<pubDate>Sat, 13 Jun 2020 11:45:21 +0000</pubDate>
				<guid isPermaLink="false">http://inspirythemesdemo.com/realplaces/?post_type=property&#038;p=94</guid>

					<description><![CDATA[The very best waterfront location in Harbor Islands complete with private dock and amazing water frontage! Offering panoramic water views, this spacious home has volume ceilings and offers a rarely available ground floor master bedroom suite. The modern kitchen has been completely updated, leading to entertainment and family rooms that open to fabulous back yard...]]></description>
										<content:encoded><![CDATA[
<p>The very best waterfront location in Harbor Islands complete with private dock and amazing water frontage! Offering panoramic water views, this spacious home has volume ceilings and offers a rarely available ground floor master bedroom suite. The modern kitchen has been completely updated, leading to entertainment and family rooms that open to fabulous back yard and swimming pool overlooking the waterways. Must be seen!</p>
]]></content:encoded>
					
		
		
		<meta><REAL_HOMES_property_id>RH-2017-10</REAL_HOMES_property_id>
<REAL_HOMES_property_price>740000</REAL_HOMES_property_price>
<REAL_HOMES_property_size>4530</REAL_HOMES_property_size>
<REAL_HOMES_property_bedrooms>3</REAL_HOMES_property_bedrooms>
<REAL_HOMES_property_bathrooms>4</REAL_HOMES_property_bathrooms>
<REAL_HOMES_property_garage>2</REAL_HOMES_property_garage>
<REAL_HOMES_property_year_built>2018</REAL_HOMES_property_year_built>
<REAL_HOMES_property_location>25.8943169885,-80.160780085,14</REAL_HOMES_property_location>
<REAL_HOMES_property_address>Hatteras Lane, Hollywood, FL 33019, USA</REAL_HOMES_property_address>
</meta><locations><location>Miami</location>
</locations><statuses><status>For Sale</status>
</statuses><types><type>Villa</type>
</types><features><feature>2 Stories</feature>
<feature>Central Cooling</feature>
<feature>Dual Sinks</feature>
<feature>Electric Range</feature>
<feature>Fire Place</feature>
<feature>Laundry Room</feature>
<feature>Lawn</feature>
<feature>Swimming Pool</feature>
</features>	</item>
		<item>
		<title>Home in Ahmedabad</title>
		<link>https://mahaveer1335.github.io/RealEstate/property/home-in-coral-gables/</link>
		
		<dc:creator><![CDATA[Mahaveer]]></dc:creator>
		<pubDate>Mon, 08 Jun 2020 12:50:37 +0000</pubDate>
				<guid isPermaLink="false">http://inspirythemesdemo.com/realplaces/?post_type=property&#038;p=42</guid>

					<description><![CDATA[Elegant retreat in a quiet Coral Gables setting. This home provides wonderful entertaining spaces with a chef&#8217;s kitchen opening to a large family room with a working fireplace and voluminous ceilings in addition to formal dining and living areas. Another highlight is the spacious master suite with an office, gym and a separate sitting area....]]></description>
										<content:encoded><![CDATA[
<p>Elegant retreat in a quiet Coral Gables setting. This home provides wonderful entertaining spaces with a chef&#8217;s kitchen opening to a large family room with a working fireplace and voluminous ceilings in addition to formal dining and living areas. Another highlight is the spacious master suite with an office, gym and a separate sitting area. The yard offers plenty of shade thanks to the luscious palm and fruit trees. Other benefits include a gas range and dryer and a water treatment system.</p>
]]></content:encoded>
					
		
		
		<meta><REAL_HOMES_property_id>RH-2017-05</REAL_HOMES_property_id>
<REAL_HOMES_property_price>850000</REAL_HOMES_property_price>
<REAL_HOMES_property_size>3800</REAL_HOMES_property_size>
<REAL_HOMES_property_bedrooms>4</REAL_HOMES_property_bedrooms>
<REAL_HOMES_property_bathrooms>4.5</REAL_HOMES_property_bathrooms>
<REAL_HOMES_property_garage>2</REAL_HOMES_property_garage>
<REAL_HOMES_property_year_built>2019</REAL_HOMES_property_year_built>
<REAL_HOMES_property_location>25.7349187731,-80.262167328,14</REAL_HOMES_property_location>
<REAL_HOMES_property_address>Jeronimo Drive, Coral Gables, FL 33146, USA</REAL_HOMES_property_address>
</meta><locations><location>Miami</location>
</locations><statuses><status>For Sale</status>
</statuses><types><type>Single Family</type>
</types><features><feature>2 Stories</feature>
<feature>Central Heating</feature>
<feature>Dual Sinks</feature>
<feature>Electric Range</feature>
<feature>Fire Place</feature>
<feature>Home Theater</feature>
<feature>Laundry Room</feature>
<feature>Lawn</feature>
<feature>Marble Floors</feature>
<feature>Swimming Pool</feature>
</features>	</item>
		<item>
		<title>Single Home at Visnagar</title>
		<link>https://mahaveer1335.github.io/RealEstate/property/single-home-at-florida-5-pinecrest/</link>
		
		<dc:creator><![CDATA[Mahaveer]]></dc:creator>
		<pubDate>Fri, 05 Jun 2020 10:56:47 +0000</pubDate>
				<guid isPermaLink="false">http://inspirythemesdemo.com/realplaces/?post_type=property&#038;p=32</guid>

					<description><![CDATA[Beautiful home on quiet, tree lined street. Addition and renovation create desirable layout with gracious master suite, oversized walk-in closet and lovely bathroom! Formal living room with working fireplace and French doors open to gorgeous, lushly landscaped yard. Home features formal dining room, elegant kitchen with wood beamed ceilings, bright breakfast room off family room...]]></description>
										<content:encoded><![CDATA[
<p>Beautiful home on quiet, tree lined street. Addition and renovation create desirable layout with gracious master suite, oversized walk-in closet and lovely bathroom! Formal living room with working fireplace and French doors open to gorgeous, lushly landscaped yard. Home features formal dining room, elegant kitchen with wood beamed ceilings, bright breakfast room off family room overlooking magnificent pool and patio. Details like crown molding, coral rock wall, marble and hardwood floors, tumbled marble driveway and lovely front porch create wonderful ambiance.</p>
]]></content:encoded>
					
		
		
		<meta><REAL_HOMES_property_id>RH-2017-02</REAL_HOMES_property_id>
<REAL_HOMES_property_price>580000</REAL_HOMES_property_price>
<REAL_HOMES_property_size>5500</REAL_HOMES_property_size>
<REAL_HOMES_property_bedrooms>4</REAL_HOMES_property_bedrooms>
<REAL_HOMES_property_bathrooms>4</REAL_HOMES_property_bathrooms>
<REAL_HOMES_property_garage>2</REAL_HOMES_property_garage>
<REAL_HOMES_property_year_built>2020</REAL_HOMES_property_year_built>
<REAL_HOMES_property_location>25.6701126909,-80.3106051829,15</REAL_HOMES_property_location>
<REAL_HOMES_property_address>Pinecrest, Miami-Dade County, Florida</REAL_HOMES_property_address>
</meta><locations><location>Miami</location>
</locations><statuses><status>For Sale</status>
</statuses><types><type>Single Family</type>
</types><features><feature>2 Stories</feature>
<feature>Central Heating</feature>
<feature>Dual Sinks</feature>
<feature>Electric Range</feature>
<feature>Fire Alarm</feature>
<feature>Fire Place</feature>
<feature>Lawn</feature>
<feature>Marble Floors</feature>
</features>	</item>
	</channel>
</rss>
