<?xml version="1.0" encoding="UTF-8"?><rss version="2.0"
	xmlns:content="http://purl.org/rss/1.0/modules/content/"
	xmlns:wfw="http://wellformedweb.org/CommentAPI/"
	xmlns:dc="http://purl.org/dc/elements/1.1/"
	xmlns:atom="http://www.w3.org/2005/Atom"
	xmlns:sy="http://purl.org/rss/1.0/modules/syndication/"
	xmlns:slash="http://purl.org/rss/1.0/modules/slash/"
	>

<channel>
	<title>For Rent &#8211; Mahaveer</title>
	<atom:link href="https://mahaveer1335.github.io/RealEstate/property-status/for-rent/feed/" rel="self" type="application/rss+xml" />
	<link>https://mahaveer1335.github.io/RealEstate</link>
	<description>Developer : Mahaveer</description>
	<lastBuildDate>Tue, 22 Jun 2021 04:14:24 +0000</lastBuildDate>
	<language>en-US</language>
	<sy:updatePeriod>
	hourly	</sy:updatePeriod>
	<sy:updateFrequency>
	1	</sy:updateFrequency>
	<generator>https://wordpress.org/?v=5.7.2</generator>

<image>
	<url>https://mahaveer1335.github.io/RealEstate/wp-content/uploads/2021/06/cropped-oie_4jA2D8vlMvRV-32x32.png</url>
	<title>For Rent &#8211; Mahaveer</title>
	<link>https://mahaveer1335.github.io/RealEstate</link>
	<width>32</width>
	<height>32</height>
</image> 
	<item>
		<title>Traditional Food Restaurant</title>
		<link>https://mahaveer1335.github.io/RealEstate/property/traditional-food-restaurant/</link>
		
		<dc:creator><![CDATA[Mahaveer]]></dc:creator>
		<pubDate>Fri, 12 Jun 2020 11:42:53 +0000</pubDate>
				<guid isPermaLink="false">http://inspirythemesdemo.com/realplaces/?post_type=property&#038;p=98</guid>

					<description><![CDATA[We are an award winning and very unique concept inspired by street food &#8211; Burgers + Kebabs and have elevated it to a modern day experience. Using the freshest of ingredients, custom meat blends, and unique flavors we pride ourselves on sourcing the highest quality products and carefully crafting each plate for an unforgettable experience.]]></description>
										<content:encoded><![CDATA[
<p>We are an award winning and very unique concept inspired by street food &#8211; Burgers + Kebabs and have elevated it to a modern day experience. Using the freshest of ingredients, custom meat blends, and unique flavors we pride ourselves on sourcing the highest quality products and carefully crafting each plate for an unforgettable experience.</p>
]]></content:encoded>
					
		
		
		<meta><REAL_HOMES_property_id>RH-2017-11</REAL_HOMES_property_id>
<REAL_HOMES_property_price>2600</REAL_HOMES_property_price>
<REAL_HOMES_property_size>950</REAL_HOMES_property_size>
<REAL_HOMES_property_location>25.70073822416,-80.398572711914,14</REAL_HOMES_property_location>
<REAL_HOMES_property_address>Sunset Drive, Miami, FL, USA</REAL_HOMES_property_address>
</meta><locations><location>Miami</location>
</locations><statuses><status>For Rent</status>
</statuses><types><type>Shop</type>
</types>	</item>
		<item>
		<title>Villa on Grand Avenue</title>
		<link>https://mahaveer1335.github.io/RealEstate/property/villa-on-grand-avenue/</link>
		
		<dc:creator><![CDATA[Mahaveer]]></dc:creator>
		<pubDate>Thu, 11 Jun 2020 10:17:15 +0000</pubDate>
				<guid isPermaLink="false">http://inspirythemesdemo.com/realplaces/?post_type=property&#038;p=91</guid>

					<description><![CDATA[Spacious and fabulous home in prime location. This executive style four bed, four bath home has impact resistant windows, renovated kitchen with wood cabinets, granite countertops and luminous breakfast area. All bathrooms are tastefully redone with contemporary elements and vanities. Open floor plan leads to the patio, pool and backyard for great entertainment or relaxation....]]></description>
										<content:encoded><![CDATA[
<p>Spacious and fabulous home in prime location. This executive style four bed, four bath home has impact resistant windows, renovated kitchen with wood cabinets, granite countertops and luminous breakfast area. All bathrooms are tastefully redone with contemporary elements and vanities.</p>



<p>Open floor plan leads to the patio, pool and backyard for great entertainment or relaxation. Live in the city beautiful, enjoy the best shopping, restaurants, schools, and much more this home offers.</p>
]]></content:encoded>
					
		
		
		<meta><REAL_HOMES_property_id>RH-2017-09</REAL_HOMES_property_id>
<REAL_HOMES_property_price>4750</REAL_HOMES_property_price>
<REAL_HOMES_property_size>9350</REAL_HOMES_property_size>
<REAL_HOMES_property_bedrooms>4</REAL_HOMES_property_bedrooms>
<REAL_HOMES_property_bathrooms>4</REAL_HOMES_property_bathrooms>
<REAL_HOMES_property_garage>2</REAL_HOMES_property_garage>
<REAL_HOMES_property_year_built>2018</REAL_HOMES_property_year_built>
<REAL_HOMES_property_location>25.728020152188,-80.245112335474,14</REAL_HOMES_property_location>
<REAL_HOMES_property_address>CocoWalk, 3015 Grand Avenue, Miami, FL 33133, USA</REAL_HOMES_property_address>
</meta><locations><location>Miami</location>
</locations><statuses><status>For Rent</status>
</statuses><types><type>Villa</type>
</types><features><feature>2 Stories</feature>
<feature>Central Cooling</feature>
<feature>Dual Sinks</feature>
<feature>Electric Range</feature>
<feature>Fire Place</feature>
<feature>Home Theater</feature>
<feature>Laundry Room</feature>
<feature>Marble Floors</feature>
<feature>Swimming Pool</feature>
</features>	</item>
		<item>
		<title>Office Space at Vijapur</title>
		<link>https://mahaveer1335.github.io/RealEstate/property/office-space-at-northwest-107th/</link>
		
		<dc:creator><![CDATA[Mahaveer]]></dc:creator>
		<pubDate>Wed, 10 Jun 2020 05:14:56 +0000</pubDate>
				<guid isPermaLink="false">http://inspirythemesdemo.com/realplaces/?post_type=property&#038;p=87</guid>

					<description><![CDATA[Beautifully landscaped four story building and professionally decorated common areas. After hours secured entry access. Adjacent to famous hotels. Ample free parking. Restaurants, banks, pharmacy and daycare facility within walking distance.]]></description>
										<content:encoded><![CDATA[
<p>Beautifully landscaped four story building and professionally decorated common areas. After hours secured entry access. Adjacent to famous hotels. Ample free parking. Restaurants, banks, pharmacy and daycare facility within walking distance.</p>
]]></content:encoded>
					
		
		
		<meta><REAL_HOMES_property_id>RH-2017-08</REAL_HOMES_property_id>
<REAL_HOMES_property_price>3100</REAL_HOMES_property_price>
<REAL_HOMES_property_size>2800</REAL_HOMES_property_size>
<REAL_HOMES_property_year_built>2019</REAL_HOMES_property_year_built>
<REAL_HOMES_property_location>25.8127373573,-80.3694490238,0</REAL_HOMES_property_location>
<REAL_HOMES_property_address>Northwest 107th Avenue, Doral, FL 33178, USA</REAL_HOMES_property_address>
</meta><locations><location>Doral</location>
</locations><statuses><status>For Rent</status>
</statuses><types><type>Office</type>
</types>	</item>
		<item>
		<title>Luxury Apartment</title>
		<link>https://mahaveer1335.github.io/RealEstate/property/apartments-building-having-15-apartments/luxury-apartment/</link>
		
		<dc:creator><![CDATA[Mahaveer]]></dc:creator>
		<pubDate>Sun, 07 Jun 2020 12:28:50 +0000</pubDate>
				<guid isPermaLink="false">http://inspirythemesdemo.com/realplaces/?post_type=property&#038;p=39</guid>

					<description><![CDATA[Luxury Apartment available in an ideal location, with city and ocean views, walking distance to important Roads and lifestyle amenities, enjoy a Chic, well decorated 5 star apartment just steps away to the beach. 2 large bedrooms with a Queen size bed each, 2 full bathrooms plus a full size sofa-bed to accommodate up to...]]></description>
										<content:encoded><![CDATA[
<p>Luxury Apartment available in an ideal location, with city and ocean views, walking distance to important Roads and lifestyle amenities, enjoy a Chic, well decorated 5 star apartment just steps away to the beach.</p>



<p>2 large bedrooms with a Queen size bed each, 2 full bathrooms plus a full size sofa-bed to accommodate up to 6 people.</p>



<p>The apartment is well equipped with everything you need for a pleasant stay, brand new appliances, complete dining set plus pots, pans, silverware, small appliances, plus TV, high speed internet WiFi and free garage parking.</p>
]]></content:encoded>
					
		
		
		<meta><REAL_HOMES_property_id>RH-2017-04</REAL_HOMES_property_id>
<REAL_HOMES_property_price>2500</REAL_HOMES_property_price>
<REAL_HOMES_property_size>1650</REAL_HOMES_property_size>
<REAL_HOMES_property_bedrooms>2</REAL_HOMES_property_bedrooms>
<REAL_HOMES_property_bathrooms>2</REAL_HOMES_property_bathrooms>
<REAL_HOMES_property_garage>1</REAL_HOMES_property_garage>
<REAL_HOMES_property_year_built>2019</REAL_HOMES_property_year_built>
<REAL_HOMES_property_location>25.770909496429,-80.214402973652,0</REAL_HOMES_property_location>
<REAL_HOMES_property_address>435 Southwest 12th Avenue, Miami, FL 33130, USA</REAL_HOMES_property_address>
</meta><locations><location>Little Havana</location>
</locations><statuses><status>For Rent</status>
</statuses><types><type>Apartment</type>
</types><features><feature>Central Heating</feature>
<feature>Dual Sinks</feature>
<feature>Electric Range</feature>
<feature>Emergency Exit</feature>
<feature>Fire Alarm</feature>
<feature>Marble Floors</feature>
</features>	</item>
	</channel>
</rss>
