<?xml version="1.0" encoding="UTF-8"?><rss version="2.0"
	xmlns:content="http://purl.org/rss/1.0/modules/content/"
	xmlns:wfw="http://wellformedweb.org/CommentAPI/"
	xmlns:dc="http://purl.org/dc/elements/1.1/"
	xmlns:atom="http://www.w3.org/2005/Atom"
	xmlns:sy="http://purl.org/rss/1.0/modules/syndication/"
	xmlns:slash="http://purl.org/rss/1.0/modules/slash/"
	>

<channel>
	<title>Laundry Room &#8211; Mahaveer</title>
	<atom:link href="https://mahaveer1335.github.io/RealEstate/property-feature/laundry-room/feed/" rel="self" type="application/rss+xml" />
	<link>https://mahaveer1335.github.io/RealEstate</link>
	<description>Developer : Mahaveer</description>
	<lastBuildDate>Tue, 22 Jun 2021 04:14:57 +0000</lastBuildDate>
	<language>en-US</language>
	<sy:updatePeriod>
	hourly	</sy:updatePeriod>
	<sy:updateFrequency>
	1	</sy:updateFrequency>
	<generator>https://wordpress.org/?v=5.7.2</generator>

<image>
	<url>https://mahaveer1335.github.io/RealEstate/wp-content/uploads/2021/06/cropped-oie_4jA2D8vlMvRV-32x32.png</url>
	<title>Laundry Room &#8211; Mahaveer</title>
	<link>https://mahaveer1335.github.io/RealEstate</link>
	<width>32</width>
	<height>32</height>
</image> 
	<item>
		<title>Villa on Mansa</title>
		<link>https://mahaveer1335.github.io/RealEstate/property/villa-on-hollywood-boulevard/</link>
		
		<dc:creator><![CDATA[Mahaveer]]></dc:creator>
		<pubDate>Sat, 13 Jun 2020 11:45:21 +0000</pubDate>
				<guid isPermaLink="false">http://inspirythemesdemo.com/realplaces/?post_type=property&#038;p=94</guid>

					<description><![CDATA[The very best waterfront location in Harbor Islands complete with private dock and amazing water frontage! Offering panoramic water views, this spacious home has volume ceilings and offers a rarely available ground floor master bedroom suite. The modern kitchen has been completely updated, leading to entertainment and family rooms that open to fabulous back yard...]]></description>
										<content:encoded><![CDATA[
<p>The very best waterfront location in Harbor Islands complete with private dock and amazing water frontage! Offering panoramic water views, this spacious home has volume ceilings and offers a rarely available ground floor master bedroom suite. The modern kitchen has been completely updated, leading to entertainment and family rooms that open to fabulous back yard and swimming pool overlooking the waterways. Must be seen!</p>
]]></content:encoded>
					
		
		
		<meta><REAL_HOMES_property_id>RH-2017-10</REAL_HOMES_property_id>
<REAL_HOMES_property_price>740000</REAL_HOMES_property_price>
<REAL_HOMES_property_size>4530</REAL_HOMES_property_size>
<REAL_HOMES_property_bedrooms>3</REAL_HOMES_property_bedrooms>
<REAL_HOMES_property_bathrooms>4</REAL_HOMES_property_bathrooms>
<REAL_HOMES_property_garage>2</REAL_HOMES_property_garage>
<REAL_HOMES_property_year_built>2018</REAL_HOMES_property_year_built>
<REAL_HOMES_property_location>25.8943169885,-80.160780085,14</REAL_HOMES_property_location>
<REAL_HOMES_property_address>Hatteras Lane, Hollywood, FL 33019, USA</REAL_HOMES_property_address>
</meta><locations><location>Miami</location>
</locations><statuses><status>For Sale</status>
</statuses><types><type>Villa</type>
</types><features><feature>2 Stories</feature>
<feature>Central Cooling</feature>
<feature>Dual Sinks</feature>
<feature>Electric Range</feature>
<feature>Fire Place</feature>
<feature>Laundry Room</feature>
<feature>Lawn</feature>
<feature>Swimming Pool</feature>
</features>	</item>
		<item>
		<title>Villa on Grand Avenue</title>
		<link>https://mahaveer1335.github.io/RealEstate/property/villa-on-grand-avenue/</link>
		
		<dc:creator><![CDATA[Mahaveer]]></dc:creator>
		<pubDate>Thu, 11 Jun 2020 10:17:15 +0000</pubDate>
				<guid isPermaLink="false">http://inspirythemesdemo.com/realplaces/?post_type=property&#038;p=91</guid>

					<description><![CDATA[Spacious and fabulous home in prime location. This executive style four bed, four bath home has impact resistant windows, renovated kitchen with wood cabinets, granite countertops and luminous breakfast area. All bathrooms are tastefully redone with contemporary elements and vanities. Open floor plan leads to the patio, pool and backyard for great entertainment or relaxation....]]></description>
										<content:encoded><![CDATA[
<p>Spacious and fabulous home in prime location. This executive style four bed, four bath home has impact resistant windows, renovated kitchen with wood cabinets, granite countertops and luminous breakfast area. All bathrooms are tastefully redone with contemporary elements and vanities.</p>



<p>Open floor plan leads to the patio, pool and backyard for great entertainment or relaxation. Live in the city beautiful, enjoy the best shopping, restaurants, schools, and much more this home offers.</p>
]]></content:encoded>
					
		
		
		<meta><REAL_HOMES_property_id>RH-2017-09</REAL_HOMES_property_id>
<REAL_HOMES_property_price>4750</REAL_HOMES_property_price>
<REAL_HOMES_property_size>9350</REAL_HOMES_property_size>
<REAL_HOMES_property_bedrooms>4</REAL_HOMES_property_bedrooms>
<REAL_HOMES_property_bathrooms>4</REAL_HOMES_property_bathrooms>
<REAL_HOMES_property_garage>2</REAL_HOMES_property_garage>
<REAL_HOMES_property_year_built>2018</REAL_HOMES_property_year_built>
<REAL_HOMES_property_location>25.728020152188,-80.245112335474,14</REAL_HOMES_property_location>
<REAL_HOMES_property_address>CocoWalk, 3015 Grand Avenue, Miami, FL 33133, USA</REAL_HOMES_property_address>
</meta><locations><location>Miami</location>
</locations><statuses><status>For Rent</status>
</statuses><types><type>Villa</type>
</types><features><feature>2 Stories</feature>
<feature>Central Cooling</feature>
<feature>Dual Sinks</feature>
<feature>Electric Range</feature>
<feature>Fire Place</feature>
<feature>Home Theater</feature>
<feature>Laundry Room</feature>
<feature>Marble Floors</feature>
<feature>Swimming Pool</feature>
</features>	</item>
		<item>
		<title>Home in Ahmedabad</title>
		<link>https://mahaveer1335.github.io/RealEstate/property/home-in-coral-gables/</link>
		
		<dc:creator><![CDATA[Mahaveer]]></dc:creator>
		<pubDate>Mon, 08 Jun 2020 12:50:37 +0000</pubDate>
				<guid isPermaLink="false">http://inspirythemesdemo.com/realplaces/?post_type=property&#038;p=42</guid>

					<description><![CDATA[Elegant retreat in a quiet Coral Gables setting. This home provides wonderful entertaining spaces with a chef&#8217;s kitchen opening to a large family room with a working fireplace and voluminous ceilings in addition to formal dining and living areas. Another highlight is the spacious master suite with an office, gym and a separate sitting area....]]></description>
										<content:encoded><![CDATA[
<p>Elegant retreat in a quiet Coral Gables setting. This home provides wonderful entertaining spaces with a chef&#8217;s kitchen opening to a large family room with a working fireplace and voluminous ceilings in addition to formal dining and living areas. Another highlight is the spacious master suite with an office, gym and a separate sitting area. The yard offers plenty of shade thanks to the luscious palm and fruit trees. Other benefits include a gas range and dryer and a water treatment system.</p>
]]></content:encoded>
					
		
		
		<meta><REAL_HOMES_property_id>RH-2017-05</REAL_HOMES_property_id>
<REAL_HOMES_property_price>850000</REAL_HOMES_property_price>
<REAL_HOMES_property_size>3800</REAL_HOMES_property_size>
<REAL_HOMES_property_bedrooms>4</REAL_HOMES_property_bedrooms>
<REAL_HOMES_property_bathrooms>4.5</REAL_HOMES_property_bathrooms>
<REAL_HOMES_property_garage>2</REAL_HOMES_property_garage>
<REAL_HOMES_property_year_built>2019</REAL_HOMES_property_year_built>
<REAL_HOMES_property_location>25.7349187731,-80.262167328,14</REAL_HOMES_property_location>
<REAL_HOMES_property_address>Jeronimo Drive, Coral Gables, FL 33146, USA</REAL_HOMES_property_address>
</meta><locations><location>Miami</location>
</locations><statuses><status>For Sale</status>
</statuses><types><type>Single Family</type>
</types><features><feature>2 Stories</feature>
<feature>Central Heating</feature>
<feature>Dual Sinks</feature>
<feature>Electric Range</feature>
<feature>Fire Place</feature>
<feature>Home Theater</feature>
<feature>Laundry Room</feature>
<feature>Lawn</feature>
<feature>Marble Floors</feature>
<feature>Swimming Pool</feature>
</features>	</item>
	</channel>
</rss>
