<?xml version="1.0" encoding="UTF-8"?><rss version="2.0"
	xmlns:content="http://purl.org/rss/1.0/modules/content/"
	xmlns:wfw="http://wellformedweb.org/CommentAPI/"
	xmlns:dc="http://purl.org/dc/elements/1.1/"
	xmlns:atom="http://www.w3.org/2005/Atom"
	xmlns:sy="http://purl.org/rss/1.0/modules/syndication/"
	xmlns:slash="http://purl.org/rss/1.0/modules/slash/"
	>

<channel>
	<title>Jog Path &#8211; Mahaveer</title>
	<atom:link href="https://mahaveer1335.github.io/RealEstate/property-feature/jog-path/feed/" rel="self" type="application/rss+xml" />
	<link>https://mahaveer1335.github.io/RealEstate</link>
	<description>Developer : Mahaveer</description>
	<lastBuildDate>Sun, 14 Jun 2020 11:49:44 +0000</lastBuildDate>
	<language>en-US</language>
	<sy:updatePeriod>
	hourly	</sy:updatePeriod>
	<sy:updateFrequency>
	1	</sy:updateFrequency>
	<generator>https://wordpress.org/?v=5.7.2</generator>

<image>
	<url>https://mahaveer1335.github.io/RealEstate/wp-content/uploads/2021/06/cropped-oie_4jA2D8vlMvRV-32x32.png</url>
	<title>Jog Path &#8211; Mahaveer</title>
	<link>https://mahaveer1335.github.io/RealEstate</link>
	<width>32</width>
	<height>32</height>
</image> 
	<item>
		<title>Villa in Coral Gables</title>
		<link>https://mahaveer1335.github.io/RealEstate/property/villa-in-coral-gables/</link>
		
		<dc:creator><![CDATA[Mahaveer]]></dc:creator>
		<pubDate>Sun, 14 Jun 2020 11:49:44 +0000</pubDate>
				<guid isPermaLink="false">http://inspirythemesdemo.com/realplaces/?post_type=property&#038;p=101</guid>

					<description><![CDATA[Enjoy serenity of Deering Bay whole day from this spectacular North and South, three bedroom, three and a half bath Milano unit with 10ft ceilings which provide light and airy views of the golf course and pool. Oversized open balconies provide luxurious entertainment spaces. Spacious flow-through floor plan with lavish master bedroom suite with his...]]></description>
										<content:encoded><![CDATA[
<p>Enjoy serenity of Deering Bay whole day from this spectacular North and South, three bedroom, three and a half bath Milano unit with 10ft ceilings which provide light and airy views of the golf course and pool. Oversized open balconies provide luxurious entertainment spaces. Spacious flow-through floor plan with lavish master bedroom suite with his and her walk-in closets, gourmet cook&#8217;s kitchen with granite counters and top of the line Thermador and Sub Zero appliances.</p>
]]></content:encoded>
					
		
		
		<meta><REAL_HOMES_property_id>RH-2017-12</REAL_HOMES_property_id>
<REAL_HOMES_property_price>825000</REAL_HOMES_property_price>
<REAL_HOMES_property_size>3500</REAL_HOMES_property_size>
<REAL_HOMES_property_bedrooms>3</REAL_HOMES_property_bedrooms>
<REAL_HOMES_property_bathrooms>3.5</REAL_HOMES_property_bathrooms>
<REAL_HOMES_property_garage>2</REAL_HOMES_property_garage>
<REAL_HOMES_property_year_built>2019</REAL_HOMES_property_year_built>
<REAL_HOMES_property_location>25.637835760899,-80.300602037109,16</REAL_HOMES_property_location>
<REAL_HOMES_property_address>13621 Deering Bay Drive, Coral Gables, FL 33158, USA</REAL_HOMES_property_address>
</meta><locations><location>Miami</location>
</locations><statuses><status>For Sale</status>
</statuses><types><type>Villa</type>
</types><features><feature>2 Stories</feature>
<feature>Bike Path</feature>
<feature>Central Cooling</feature>
<feature>Jog Path</feature>
<feature>Lawn</feature>
<feature>Swimming Pool</feature>
</features>	</item>
	</channel>
</rss>
