<?xml version="1.0" encoding="UTF-8"?><rss version="2.0"
	xmlns:content="http://purl.org/rss/1.0/modules/content/"
	xmlns:wfw="http://wellformedweb.org/CommentAPI/"
	xmlns:dc="http://purl.org/dc/elements/1.1/"
	xmlns:atom="http://www.w3.org/2005/Atom"
	xmlns:sy="http://purl.org/rss/1.0/modules/syndication/"
	xmlns:slash="http://purl.org/rss/1.0/modules/slash/"
	>

<channel>
	<title>Shop &#8211; Mahaveer</title>
	<atom:link href="https://mahaveer1335.github.io/RealEstate/property-type/shop/feed/" rel="self" type="application/rss+xml" />
	<link>https://mahaveer1335.github.io/RealEstate</link>
	<description>Developer : Mahaveer</description>
	<lastBuildDate>Fri, 12 Jun 2020 11:42:53 +0000</lastBuildDate>
	<language>en-US</language>
	<sy:updatePeriod>
	hourly	</sy:updatePeriod>
	<sy:updateFrequency>
	1	</sy:updateFrequency>
	<generator>https://wordpress.org/?v=5.7.2</generator>

<image>
	<url>https://mahaveer1335.github.io/RealEstate/wp-content/uploads/2021/06/cropped-oie_4jA2D8vlMvRV-32x32.png</url>
	<title>Shop &#8211; Mahaveer</title>
	<link>https://mahaveer1335.github.io/RealEstate</link>
	<width>32</width>
	<height>32</height>
</image> 
	<item>
		<title>Traditional Food Restaurant</title>
		<link>https://mahaveer1335.github.io/RealEstate/property/traditional-food-restaurant/</link>
		
		<dc:creator><![CDATA[Mahaveer]]></dc:creator>
		<pubDate>Fri, 12 Jun 2020 11:42:53 +0000</pubDate>
				<guid isPermaLink="false">http://inspirythemesdemo.com/realplaces/?post_type=property&#038;p=98</guid>

					<description><![CDATA[We are an award winning and very unique concept inspired by street food &#8211; Burgers + Kebabs and have elevated it to a modern day experience. Using the freshest of ingredients, custom meat blends, and unique flavors we pride ourselves on sourcing the highest quality products and carefully crafting each plate for an unforgettable experience.]]></description>
										<content:encoded><![CDATA[
<p>We are an award winning and very unique concept inspired by street food &#8211; Burgers + Kebabs and have elevated it to a modern day experience. Using the freshest of ingredients, custom meat blends, and unique flavors we pride ourselves on sourcing the highest quality products and carefully crafting each plate for an unforgettable experience.</p>
]]></content:encoded>
					
		
		
		<meta><REAL_HOMES_property_id>RH-2017-11</REAL_HOMES_property_id>
<REAL_HOMES_property_price>2600</REAL_HOMES_property_price>
<REAL_HOMES_property_size>950</REAL_HOMES_property_size>
<REAL_HOMES_property_location>25.70073822416,-80.398572711914,14</REAL_HOMES_property_location>
<REAL_HOMES_property_address>Sunset Drive, Miami, FL, USA</REAL_HOMES_property_address>
</meta><locations><location>Miami</location>
</locations><statuses><status>For Rent</status>
</statuses><types><type>Shop</type>
</types>	</item>
	</channel>
</rss>
