<?xml version="1.0" encoding="UTF-8"?><rss version="2.0"
	xmlns:content="http://purl.org/rss/1.0/modules/content/"
	xmlns:dc="http://purl.org/dc/elements/1.1/"
	xmlns:atom="http://www.w3.org/2005/Atom"
	xmlns:sy="http://purl.org/rss/1.0/modules/syndication/"
	
	>
<channel>
	<title>
	Comments for Mahaveer	</title>
	<atom:link href="https://mahaveer1335.github.io/RealEstate/comments/feed/" rel="self" type="application/rss+xml" />
	<link>https://mahaveer1335.github.io/RealEstate</link>
	<description>Developer : Mahaveer</description>
	<lastBuildDate>Tue, 22 Jun 2021 16:44:26 +0000</lastBuildDate>
	<sy:updatePeriod>
	hourly	</sy:updatePeriod>
	<sy:updateFrequency>
	1	</sy:updateFrequency>
	<generator>https://wordpress.org/?v=5.7.2</generator>
	<item>
		<title>
		Comment on Rajpurohit Mahaveersinh by Rajpurohit Mahaveersinh		</title>
		<link>https://mahaveer1335.github.io/RealEstate/?contact=rajpurohit-mahaveersinh/#comment-10</link>

		<dc:creator><![CDATA[Rajpurohit Mahaveersinh]]></dc:creator>
		<pubDate>Tue, 22 Jun 2021 16:44:26 +0000</pubDate>
		<guid isPermaLink="false">https://mahaveer1335.github.io/RealEstate/?contact=rajpurohit-mahaveersinh#comment-10</guid>

					<description><![CDATA[xdvzz]]></description>
			<content:encoded><![CDATA[<p>xdvzz</p>
]]></content:encoded>
		
			</item>
		<item>
		<title>
		Comment on Hello world! by A WordPress Commenter		</title>
		<link>https://mahaveer1335.github.io/RealEstate/2021/06/22/hello-world/#comment-1</link>

		<dc:creator><![CDATA[A WordPress Commenter]]></dc:creator>
		<pubDate>Tue, 22 Jun 2021 03:49:01 +0000</pubDate>
		<guid isPermaLink="false">https://mahaveer1335.github.io/RealEstate/?p=1#comment-1</guid>

					<description><![CDATA[Hi, this is a comment.
To get started with moderating, editing, and deleting comments, please visit the Comments screen in the dashboard.
Commenter avatars come from &lt;a href=&quot;https://gravatar.com&quot;&gt;Gravatar&lt;/a&gt;.]]></description>
			<content:encoded><![CDATA[<p>Hi, this is a comment.<br />
To get started with moderating, editing, and deleting comments, please visit the Comments screen in the dashboard.<br />
Commenter avatars come from <a href="https://gravatar.com/">Gravatar</a>.</p>
]]></content:encoded>
		
			</item>
		<item>
		<title>
		Comment on Home in Mehsana by John Doe		</title>
		<link>https://mahaveer1335.github.io/RealEstate/property/home-in-merrick-way/#comment-2</link>

		<dc:creator><![CDATA[John Doe]]></dc:creator>
		<pubDate>Wed, 09 Sep 2015 14:36:50 +0000</pubDate>
		<guid isPermaLink="false">http://inspirythemesdemo.com/realplaces/?post_type=property&#038;p=45#comment-2</guid>

					<description><![CDATA[This is a sample comment. We have been extremely pleased with your attentiveness, communication, honesty and advice throughout the entire process. Selling a house is a stressful occurrence for anyone and you have helped to make it as smooth as possible for us. We feel that you truly go beyond the general duties of a real estate agent with thorough follow ups, reporting and always being ‘on top’ of potential buyers.]]></description>
			<content:encoded><![CDATA[<p>This is a sample comment. We have been extremely pleased with your attentiveness, communication, honesty and advice throughout the entire process. Selling a house is a stressful occurrence for anyone and you have helped to make it as smooth as possible for us. We feel that you truly go beyond the general duties of a real estate agent with thorough follow ups, reporting and always being ‘on top’ of potential buyers.</p>
]]></content:encoded>
		
			</item>
	</channel>
</rss>
