<?xml version="1.0" encoding="UTF-8"?><rss version="2.0"
	xmlns:content="http://purl.org/rss/1.0/modules/content/"
	xmlns:wfw="http://wellformedweb.org/CommentAPI/"
	xmlns:dc="http://purl.org/dc/elements/1.1/"
	xmlns:atom="http://www.w3.org/2005/Atom"
	xmlns:sy="http://purl.org/rss/1.0/modules/syndication/"
	xmlns:slash="http://purl.org/rss/1.0/modules/slash/"
	>

<channel>
	<title>image post &#8211; Mahaveer</title>
	<atom:link href="https://mahaveer1335.github.io/RealEstate/tag/image-post/feed/" rel="self" type="application/rss+xml" />
	<link>https://mahaveer1335.github.io/RealEstate</link>
	<description>Developer : Mahaveer</description>
	<lastBuildDate>Fri, 12 Jun 2020 19:28:33 +0000</lastBuildDate>
	<language>en-US</language>
	<sy:updatePeriod>
	hourly	</sy:updatePeriod>
	<sy:updateFrequency>
	1	</sy:updateFrequency>
	<generator>https://wordpress.org/?v=5.7.2</generator>

<image>
	<url>https://mahaveer1335.github.io/RealEstate/wp-content/uploads/2021/06/cropped-oie_4jA2D8vlMvRV-32x32.png</url>
	<title>image post &#8211; Mahaveer</title>
	<link>https://mahaveer1335.github.io/RealEstate</link>
	<width>32</width>
	<height>32</height>
</image> 
	<item>
		<title>Another Image Post Format</title>
		<link>https://mahaveer1335.github.io/RealEstate/2020/06/12/another-image-post-format/</link>
					<comments>https://mahaveer1335.github.io/RealEstate/2020/06/12/another-image-post-format/#respond</comments>
		
		<dc:creator><![CDATA[Mahaveer]]></dc:creator>
		<pubDate>Fri, 12 Jun 2020 19:28:33 +0000</pubDate>
				<category><![CDATA[Market Trends]]></category>
		<category><![CDATA[economy living]]></category>
		<category><![CDATA[image post]]></category>
		<category><![CDATA[trendy]]></category>
		<guid isPermaLink="false">http://inspirythemesdemo.com/realplaces/?p=14</guid>

					<description><![CDATA[Dramatically benchmark corporate leadership via scalable deliverables. Conveniently drive integrated testing procedures rather than just in time &#8220;outside the box&#8221; thinking. Credibly deploy synergistic relationships via extensible architectures. Conveniently conceptualize goal-oriented portals with vertical technologies. Quickly repurpose strategic markets without empowered convergence. Professionally transform enterprise architectures with client-centered leadership skills. Quickly pursue open-source relationships without...]]></description>
										<content:encoded><![CDATA[
<p>Dramatically benchmark corporate leadership via scalable deliverables. Conveniently drive integrated testing procedures rather than just in time &#8220;outside the box&#8221; thinking. Credibly deploy synergistic relationships via extensible architectures. Conveniently conceptualize goal-oriented portals with vertical technologies. Quickly repurpose strategic markets without empowered convergence.</p>



<span id="more-14"></span>



<p>Professionally transform enterprise architectures with client-centered leadership skills. Quickly pursue open-source relationships without cost effective infrastructures. Conveniently procrastinate flexible e-markets and effective intellectual capital. Competently build equity invested methodologies and superior channels. Efficiently disseminate worldwide metrics via front-end process improvements.</p>



<h2>This is H2 Heading</h2>



<p>Holistically scale client-focused growth strategies rather than go forward potentialities. Continually incubate prospective action items with unique architectures. Holistically strategize just in time web services.</p>



<ol><li>Morbi in sem quis dui placerat ornare. Pellentesque odio nisi, euismod in, pharetra a, ultricies in, diam. Sed arcu. Cras consequat.</li><li>Praesent dapibus, neque id cursus faucibus, tortor neque egestas augue, eu vulputate magna eros eu erat. Aliquam erat volutpat. Nam dui mi, tincidunt quis, accumsan porttitor, facilisis luctus, metus.</li><li>Phasellus ultrices nulla quis nibh. Quisque a lectus. Donec consectetuer ligula vulputate sem tristique cursus. Nam nulla quam, gravida non, commodo a, sodales sit amet, nisi.</li><li>Pellentesque fermentum dolor. Aliquam quam lectus, facilisis auctor, ultrices ut, elementum vulputate, nunc.</li><li>Sed adipiscing ornare risus. Morbi est est, blandit sit amet, sagittis vel, euismod vel, velit. Pellentesque egestas sem. Suspendisse commodo ullamcorper magna.</li></ol>



<h3>This is H3 Heading</h3>



<p>Continually evolve open-source systems for highly efficient deliverables. Seamlessly extend dynamic content vis-a-vis reliable meta-services. Assertively underwhelm 24/365 methods of empowerment via strategic web-readiness. Competently architect strategic human capital before extensible growth strategies. Dramatically extend bricks-and-clicks bandwidth via market-driven human capital.</p>



<blockquote class="wp-block-quote"><p>Cras justo odio, dapibus ac facilisis in, egestas eget quam. Duis mollis, est non commodo luctus, nisi erat porttitor ligula, eget lacinia odio sem nec elit. Donec sed odio dui. Maecenas faucibus mollis interdum. Cum sociis natoque penatibus et magnis dis parturient montes, nascetur ridiculus mus.</p></blockquote>



<p>Proactively synthesize effective methodologies and synergistic networks. Dramatically envisioneer distinctive models with go forward supply chains. Competently extend client-centered markets through client-based value. Efficiently communicate web-enabled manufactured products after fully researched total linkage. Dynamically recaptiualize cooperative relationships after client-based internal or &#8220;organic&#8221; sources.</p>



<p>Holisticly monetize low-risk high-yield platforms with standardized growth strategies. Assertively plagiarize bricks-and-clicks methods of empowerment with enabled initiatives. Uniquely disseminate magnetic human capital whereas functional web-readiness. Collaboratively promote fully researched communities via resource maximizing markets. Efficiently repurpose state of the art e-business with innovative bandwidth.</p>
]]></content:encoded>
					
					<wfw:commentRss>https://mahaveer1335.github.io/RealEstate/2020/06/12/another-image-post-format/feed/</wfw:commentRss>
			<slash:comments>0</slash:comments>
		
		
			</item>
	</channel>
</rss>
