<?xml version="1.0" encoding="UTF-8"?><rss version="2.0"
	xmlns:content="http://purl.org/rss/1.0/modules/content/"
	xmlns:wfw="http://wellformedweb.org/CommentAPI/"
	xmlns:dc="http://purl.org/dc/elements/1.1/"
	xmlns:atom="http://www.w3.org/2005/Atom"
	xmlns:sy="http://purl.org/rss/1.0/modules/syndication/"
	xmlns:slash="http://purl.org/rss/1.0/modules/slash/"
	>

<channel>
	<title>Little Havana &#8211; Mahaveer</title>
	<atom:link href="https://mahaveer1335.github.io/RealEstate/property-city/little-havana/feed/" rel="self" type="application/rss+xml" />
	<link>https://mahaveer1335.github.io/RealEstate</link>
	<description>Developer : Mahaveer</description>
	<lastBuildDate>Sun, 07 Jun 2020 12:28:50 +0000</lastBuildDate>
	<language>en-US</language>
	<sy:updatePeriod>
	hourly	</sy:updatePeriod>
	<sy:updateFrequency>
	1	</sy:updateFrequency>
	<generator>https://wordpress.org/?v=5.7.2</generator>

<image>
	<url>https://mahaveer1335.github.io/RealEstate/wp-content/uploads/2021/06/cropped-oie_4jA2D8vlMvRV-32x32.png</url>
	<title>Little Havana &#8211; Mahaveer</title>
	<link>https://mahaveer1335.github.io/RealEstate</link>
	<width>32</width>
	<height>32</height>
</image> 
	<item>
		<title>Luxury Apartment</title>
		<link>https://mahaveer1335.github.io/RealEstate/property/apartments-building-having-15-apartments/luxury-apartment/</link>
		
		<dc:creator><![CDATA[Mahaveer]]></dc:creator>
		<pubDate>Sun, 07 Jun 2020 12:28:50 +0000</pubDate>
				<guid isPermaLink="false">http://inspirythemesdemo.com/realplaces/?post_type=property&#038;p=39</guid>

					<description><![CDATA[Luxury Apartment available in an ideal location, with city and ocean views, walking distance to important Roads and lifestyle amenities, enjoy a Chic, well decorated 5 star apartment just steps away to the beach. 2 large bedrooms with a Queen size bed each, 2 full bathrooms plus a full size sofa-bed to accommodate up to...]]></description>
										<content:encoded><![CDATA[
<p>Luxury Apartment available in an ideal location, with city and ocean views, walking distance to important Roads and lifestyle amenities, enjoy a Chic, well decorated 5 star apartment just steps away to the beach.</p>



<p>2 large bedrooms with a Queen size bed each, 2 full bathrooms plus a full size sofa-bed to accommodate up to 6 people.</p>



<p>The apartment is well equipped with everything you need for a pleasant stay, brand new appliances, complete dining set plus pots, pans, silverware, small appliances, plus TV, high speed internet WiFi and free garage parking.</p>
]]></content:encoded>
					
		
		
		<meta><REAL_HOMES_property_id>RH-2017-04</REAL_HOMES_property_id>
<REAL_HOMES_property_price>2500</REAL_HOMES_property_price>
<REAL_HOMES_property_size>1650</REAL_HOMES_property_size>
<REAL_HOMES_property_bedrooms>2</REAL_HOMES_property_bedrooms>
<REAL_HOMES_property_bathrooms>2</REAL_HOMES_property_bathrooms>
<REAL_HOMES_property_garage>1</REAL_HOMES_property_garage>
<REAL_HOMES_property_year_built>2019</REAL_HOMES_property_year_built>
<REAL_HOMES_property_location>25.770909496429,-80.214402973652,0</REAL_HOMES_property_location>
<REAL_HOMES_property_address>435 Southwest 12th Avenue, Miami, FL 33130, USA</REAL_HOMES_property_address>
</meta><locations><location>Little Havana</location>
</locations><statuses><status>For Rent</status>
</statuses><types><type>Apartment</type>
</types><features><feature>Central Heating</feature>
<feature>Dual Sinks</feature>
<feature>Electric Range</feature>
<feature>Emergency Exit</feature>
<feature>Fire Alarm</feature>
<feature>Marble Floors</feature>
</features>	</item>
		<item>
		<title>Building Having 15 Apartments</title>
		<link>https://mahaveer1335.github.io/RealEstate/property/apartments-building-having-15-apartments/</link>
		
		<dc:creator><![CDATA[Mahaveer]]></dc:creator>
		<pubDate>Sat, 06 Jun 2020 11:56:11 +0000</pubDate>
				<guid isPermaLink="false">http://inspirythemesdemo.com/realplaces/?post_type=property&#038;p=35</guid>

					<description><![CDATA[Maecenas faucibus mollis interdum. Aenean eu leo quam. Pellentesque ornare sem lacinia quam venenatis vestibulum. Praesent commodo cursus magna, vel scelerisque nisl consectetur et. Donec id elit non mi porta gravida at eget metus. Morbi leo risus, porta ac consectetur ac, vestibulum at eros. Donec sed odio dui. Cras justo odio, dapibus ac facilisis in,...]]></description>
										<content:encoded><![CDATA[
<p>Maecenas faucibus mollis interdum. Aenean eu leo quam. Pellentesque ornare sem lacinia quam venenatis vestibulum. Praesent commodo cursus magna, vel scelerisque nisl consectetur et. Donec id elit non mi porta gravida at eget metus. Morbi leo risus, porta ac consectetur ac, vestibulum at eros.</p>



<p>Donec sed odio dui. Cras justo odio, dapibus ac facilisis in, egestas eget quam. Duis mollis, est non commodo luctus, nisi erat porttitor ligula, eget lacinia odio sem nec elit. Vivamus sagittis lacus vel augue laoreet rutrum faucibus dolor auctor. Lorem ipsum dolor sit amet, consectetur adipiscing elit.</p>
]]></content:encoded>
					
		
		
		<meta><REAL_HOMES_property_id>RH-2017-03</REAL_HOMES_property_id>
<REAL_HOMES_property_price>6950000</REAL_HOMES_property_price>
<REAL_HOMES_property_size>52000</REAL_HOMES_property_size>
<REAL_HOMES_property_garage>50</REAL_HOMES_property_garage>
<REAL_HOMES_property_year_built>2020</REAL_HOMES_property_year_built>
<REAL_HOMES_property_location>25.7688919,-80.2142132,16</REAL_HOMES_property_location>
<REAL_HOMES_property_address>435 Southwest 12th Avenue, Miami, FL 33130, USA</REAL_HOMES_property_address>
</meta><locations><location>Little Havana</location>
</locations><statuses><status>For Sale</status>
</statuses><types><type>Apartment Building</type>
</types>	</item>
	</channel>
</rss>
