<?xml version="1.0" encoding="UTF-8"?><rss version="2.0"
	xmlns:content="http://purl.org/rss/1.0/modules/content/"
	xmlns:wfw="http://wellformedweb.org/CommentAPI/"
	xmlns:dc="http://purl.org/dc/elements/1.1/"
	xmlns:atom="http://www.w3.org/2005/Atom"
	xmlns:sy="http://purl.org/rss/1.0/modules/syndication/"
	xmlns:slash="http://purl.org/rss/1.0/modules/slash/"
	>

<channel>
	<title>awareness &#8211; Mahaveer</title>
	<atom:link href="https://mahaveer1335.github.io/RealEstate/tag/awareness/feed/" rel="self" type="application/rss+xml" />
	<link>https://mahaveer1335.github.io/RealEstate</link>
	<description>Developer : Mahaveer</description>
	<lastBuildDate>Sat, 13 Jun 2020 19:47:38 +0000</lastBuildDate>
	<language>en-US</language>
	<sy:updatePeriod>
	hourly	</sy:updatePeriod>
	<sy:updateFrequency>
	1	</sy:updateFrequency>
	<generator>https://wordpress.org/?v=5.7.2</generator>

<image>
	<url>https://mahaveer1335.github.io/RealEstate/wp-content/uploads/2021/06/cropped-oie_4jA2D8vlMvRV-32x32.png</url>
	<title>awareness &#8211; Mahaveer</title>
	<link>https://mahaveer1335.github.io/RealEstate</link>
	<width>32</width>
	<height>32</height>
</image> 
	<item>
		<title>Video Post Format</title>
		<link>https://mahaveer1335.github.io/RealEstate/2020/06/13/video-post-format/</link>
					<comments>https://mahaveer1335.github.io/RealEstate/2020/06/13/video-post-format/#respond</comments>
		
		<dc:creator><![CDATA[Mahaveer]]></dc:creator>
		<pubDate>Sat, 13 Jun 2020 19:47:38 +0000</pubDate>
				<category><![CDATA[Market Trends]]></category>
		<category><![CDATA[awareness]]></category>
		<guid isPermaLink="false">http://inspirythemesdemo.com/realplaces/?p=18</guid>

					<description><![CDATA[Uniquely customize future-proof niche markets via worldwide users. Proactively negotiate user-centric schemas after fully researched bandwidth. Intrinsically actualize client-centric resources before customized products. Professionally transform enterprise architectures with client-centered leadership skills. Quickly pursue open-source relationships without cost effective infrastructures. Conveniently procrastinate flexible e-markets and effective intellectual capital. Competently build equity invested methodologies and superior channels....]]></description>
										<content:encoded><![CDATA[
<p>Uniquely customize future-proof niche markets via worldwide users. Proactively negotiate user-centric schemas after fully researched bandwidth. Intrinsically actualize client-centric resources before customized products.<br></p>



<span id="more-18"></span>



<p>Professionally transform enterprise architectures with client-centered leadership skills. Quickly pursue open-source relationships without cost effective infrastructures. Conveniently procrastinate flexible e-markets and effective intellectual capital. Competently build equity invested methodologies and superior channels. Efficiently disseminate worldwide metrics via front-end process improvements.</p>



<h2>This is H2 Heading</h2>



<p>Holistically scale client-focused growth strategies rather than go forward potentialities. Continually incubate prospective action items with unique architectures. Holistically strategize just in time web services.</p>



<ol><li>Morbi in sem quis dui placerat ornare. Pellentesque odio nisi, euismod in, pharetra a, ultricies in, diam. Sed arcu. Cras consequat.</li><li>Praesent dapibus, neque id cursus faucibus, tortor neque egestas augue, eu vulputate magna eros eu erat. Aliquam erat volutpat. Nam dui mi, tincidunt quis, accumsan porttitor, facilisis luctus, metus.</li><li>Phasellus ultrices nulla quis nibh. Quisque a lectus. Donec consectetuer ligula vulputate sem tristique cursus. Nam nulla quam, gravida non, commodo a, sodales sit amet, nisi.</li><li>Pellentesque fermentum dolor. Aliquam quam lectus, facilisis auctor, ultrices ut, elementum vulputate, nunc.</li><li>Sed adipiscing ornare risus. Morbi est est, blandit sit amet, sagittis vel, euismod vel, velit. Pellentesque egestas sem. Suspendisse commodo ullamcorper magna.</li></ol>
]]></content:encoded>
					
					<wfw:commentRss>https://mahaveer1335.github.io/RealEstate/2020/06/13/video-post-format/feed/</wfw:commentRss>
			<slash:comments>0</slash:comments>
		
		
			</item>
	</channel>
</rss>
